Name,Layout,Features,Availability,MinKeys,MaxKeys,Website,Image,Note
Absolem,ergo,single,source,36,36,https://zealot.hu/absolem/,Absolem.jpg,
Arch 36,ergo,split display,source,36,36,https://github.com/obosob/arch-36-case,Arch36.jpg,
Atreis,ergo,single,source,56,56,https://github.com/dekonnection/atreis,Atreis.jpg,
Atreus,ergo,single,assembled kit source,42,42,https://gitlab.com/technomancy/atreus,Atreus.jpg,
Atreus62,ergo,single,source,62,62,https://github.com/profet23/atreus62/,Atreus62.jpg,
CatBoard ][,ergo,single,source,60,60,http://catboard.klava.org/,catboard.jpg,
Chimera Ergo,ergo,split wireless,source,52,52,https://github.com/GlenPickle/Chimera,ChimeraErgo.jpg,
Claw44,ergo,split,kit source,44,44,https://github.com/yfuku/claw44,Claw44.jpg,
Corne,ergo,split display,kit source,42,42,https://github.com/foostan/crkbd,Corne.jpg,
DataHand,ergo,split,unavailable,50,50,https://test.wikipedia.org/wiki/DataHand,DataHand.jpg,
Diverge 4,ergo,split,massproduced,72,72,http://unikeyboard.io/product/diverge/,diverge-4.png,
Elephant42,ergo,split,source,42,42,https://github.com/illness072/elephant42,Elephant42.jpg,
ErgoDash,ergo,split,assembled kit source,78,78,https://github.com/omkbd/ErgoDash,Ergodash.jpg,
ErgoDox Infinity,ergo,split display,source,76,76,https://input.club/devices/infinity-ergodox/,ErgoDox_Infinity.jpg,
ErgoDox,ergo,split,massproduced kit source,76,80,https://www.ergodox.io,Ergodox_EZ.jpg,
Ergodone,ergo,split,kit,76,76,https://kprepublic.com/products/ergodone-ergo-custom-mechanical-keyboard-tkg-tools-pcb-programmed-ergonomic-keyboard-kit-similar-with-infinity-ergodox,Ergodone.jpg,
Ergotravel,ergo,split,source,53,54,https://github.com/jpconstantineau/ErgoTravel,Ergotravel.jpg,
Esrille Nisse,ergo,single,massproduced,76,76,https://www.esrille.com/keyboard/,Esrille.jpg,
Ferris,ergo,split,source,34,34,https://github.com/pierrechevalier83/ferris,ferris.jpg,
Fluorite CXL,ergo,split,source,138,138,https://github.com/ihotsuno/keyboard/tree/master/kbd-fluorite-cxl/fluorite,Fluorite_CXL.jpg,
Fortitude60,ergo,split,kit source,60,60,https://github.com/Pekaso/fortitude60,Fortitude60-ikiriwhite.jpg,
Georgi,ergo,split,assembled,30,30,https://www.gboards.ca/product/georgi,Georgi.jpg,
Gergo,ergo,split,assembled kit,46,50,https://www.gboards.ca/product/gergo,Gergo2.jpg,
Gergoplex,ergo,split,assembled kit,36,36,https://www.gboards.ca/product/gergoplex,Gergoplex.jpg,
Interphase,ergo,split wireless,source,66,66,https://github.com/Durburz/interphase,Interphase.jpg,
Iris,ergo,split encoder,kit,54,56,https://keeb.io/products/iris-keyboard-split-ergonomic-keyboard,Iris.jpg,
KeyMouse Alpha,ergo,split trackp wireless,assembled,64,64,https://www.keymouse.com/catalog/keymouse/keymouse-alpha-109-3d-printed-assembled,KeyMouse_Alpha.png,
KeyMouse Track,ergo,split trackp wireless,assembled,82,82,https://www.keymouse.com/catalog/keymouse/keymouse-track-125-3d-printed-assembled,KeyMouse_Track.png,
Keyboard.io Model01,ergo,split,massproduced,64,64,https://shop.keyboard.io/,Keyboardio_Model01.jpg,
Kyria,ergo,split encoder display,kit,46,50,https://splitkb.com/products/kyria-kit-rev1-0,Kyria.jpg,
Lalboard,ergo,split,source,50,50,http://lalboard.com/,lalboard.jpg,
Lily58,ergo,split display,kit source,58,58,https://github.com/kata0510/Lily58,lily58_keyboard.jpg,
Maltron Flat,ergo,single,massproduced,110,112,https://www.maltron.com/,Maltron-Flat.jpg,
Manta60,ergo,split,source,68,68,https://github.com/KamoNanban/Manta60,Manta60.jpg,
Minidox,ergo,split,assembled kit source,36,36,https://github.com/That-Canadian/MiniDox_PCB,MiniDox.jpg,
Mitosis,ergo,split,assembled source,46,46,https://github.com/reversebias/mitosis-hardware,Mitosis.jpg,
Moonlander,ergo,split,massproduced,72,72,https://www.zsa.io/moonlander/,Moonlander.jpg,
Pteron,ergo,single,source,56,56,https://github.com/FSund/pteron-keyboard,Pteron.jpg,
Redox,ergo,split,assembled kit source,70,70,https://github.com/mattdibi/redox-keyboard,Redox.jpg,
Redox-W,ergo,split wireless,assembled kit source,70,70,https://github.com/mattdibi/redox-keyboard/tree/master/redox-w,redox-wireless.jpg,
Reviung41,ergo,single,source,41,41,https://github.com/gtips/reviung,Reviung41.jpg,
Sofle,ergo,split encoder display,source,58,58,https://josefadamcik.github.io/SofleKeyboard/,Sofle.jpg,
Sol 2,ergo,split encoder display,assembled kit source,64,68,https://www.rgbkb.net/collections/sol-2,Sol.jpg,
Truly Ergonomic Cleave,ergo,single,unavailable,93,93,https://trulyergonomic.com/ergonomic-keyboards/,cleave.png,
Truly Ergonomic TEK,ergo,single,unavailable,86,88,https://trulyergonomic.com/ergonomic-keyboards/,truly.jpg,
X-Bows Knight,ergo,single,massproduced,86,108,http://www.x-bows.com/,x-bows_knight_plus.jpg,
X-Bows Nature,ergo,single,massproduced,86,86,http://www.x-bows.com/,xbows.jpg,
Xenon,ergo,split,source,44,54,https://github.com/narinari/xenon-keyboard,Xenon.jpg,
Zen2,ergo,split,source,64,68,https://www.rgbkb.net/products/zen-keyboard,Zen.jpg,
